x,z,eta,y3,y1,y4,y2
-0.9710834723730233,-0.6412803984027681,-1.2464925426000182,-0.931772009967987,0,0,0.020222368596522194
0.9152030051207805,-0.8833316198075059,1.5879495030150972,1.7185424205871525,1,5,3.576681613300484
0.07723834052055713,-0.0651860330142059,-0.2397174968598553,-0.2534376035005361,1,3,0.14836278451461862
-0.2641715913896349,0.42557250215215253,-1.1102982296672108,-0.9494257538459757,1,0,0.9308356565821635
0.4399665818932081,-0.6207630239251781,0.7125636337906338,0.44844665983284027,1,1,8.219354200005096
-0.5571576072562764,1.043306375506256,-2.0146657505637915,-1.659014852161413,0,0,0.0318952347709725
0.4127396961223887,0.7900971790058585,-0.45424216863334277,0.2561776516971931,0,0,0.12775841537094473
-0.6201114801715877,-0.49198246849238697,-0.8745700974463131,-1.600887377377628,0,0,0.012021683847676733
-1.2372056232812823,-1.106381808389105,-1.246982425882511,-1.6875878961901718,0,0,0.02386532451731549
0.256210237903033,-1.6151544926373895,1.2508179271741577,1.3487355420735674,1,5,4.489276048515664
0.6444841239816461,0.259381366394087,0.2947726804590349,1.2094925968662544,1,2,1.3037305298451851
-1.7912760791308255,0.02829253721488305,-2.930420540555062,-2.423692741797043,0,0,0.002054030188755861
-0.4898343348787931,-2.054489942055991,0.5578238848144825,1.2167962198117945,0,3,0.495329167613301
0.7934139889866322,-1.117384903786515,1.604687507610497,0.9857727353370044,0,7,3.8822673640370433
-0.08798941575054897,-0.13656239058997147,-0.4139352695787914,-0.5615747731551783,1,0,1.4906770401855383
-0.3438800488529952,0.004471867596392103,-0.885009562471307,-0.7612796893523004,0,0,0.0921070373117952
1.070347447826341,1.0052975710764704,0.2942483700957008,0.4458101402603466,1,1,0.015484836120730653
-0.635098733435724,-1.529760206569051,-0.06533006155477272,-0.38027030069048956,0,0,2.449326201387051
-0.17393171542735633,-0.7374426439397297,-0.05355028644651516,-0.17830399136630526,0,0,0.2330097563190192
1.02662143261664,-0.18735934740397173,1.1871574835864733,1.5179105036334315,1,4,4.071688704307449
1.1547503523922755,0.020300706564002634,1.2004099280979834,1.3539587333668341,0,4,1.369449470147853
-0.6272496733632686,1.0616187699930255,-2.1274445587029964,-1.6086990818322868,0,0,0.06477208448715346
0.3288628228948216,-0.9888667032442457,0.8515013146481468,0.9301833714760399,1,2,2.364280488334966
-0.3088789268400899,2.606801619677389,-2.917871793318037,-2.844605846174622,0,0,0.0010586273438739989
1.0649196377495598,0.36754494746645766,0.7968515348762173,1.0182093574144893,0,4,0.5857673507266529
-0.035294531734541126,-0.5951759820946024,0.026728441247324375,0.773030196041931,1,0,0.30308011103604443
-0.4788771188082608,0.05160425103177414,-1.1117113671569843,-0.9246870615324527,0,0,0.002758131236482643
0.762589261085115,-0.191700444759349,0.8209853213266401,1.1374163866936529,0,1,1.571665463785302
0.31114156183961683,0.9286633052544637,-0.7073324576281075,-0.8528988202565555,0,0,0.6618994082733913
-1.1717653768218699,-0.29076564895785234,-1.8078590083843356,-2.072651815787068,0,0,0.13445158398382592
0.2358908380060985,-0.24325539276748157,0.12485148742252311,0.2169001044761873,1,0,0.9313558688258312
2.8408384379585723,0.4448318795174798,3.221308309528017,3.155010041697854,1,22,17.600499355153598
1.8027103833975568,0.016680925540454087,2.110449796324216,1.9366033918719396,1,7,6.688724196297549
-0.48297869195338783,-0.9351532305312598,-0.328047584309735,-1.184790668436448,0,1,0.710040112543283
1.5586438744368543,-0.26048094603839306,1.9904861810423105,2.531507160915168,1,8,8.278367504084631
1.2307288623560544,0.6597497047619955,0.7952206434888796,1.3216412349307067,1,3,2.0272683513055427
0.13043985830612057,-0.46177462801091074,0.15203550403729738,-0.3395830252051667,0,1,1.2659633023081291
0.8215896844096896,0.11242938499219203,0.6602820501798118,0.5351393297644386,0,0,1.4993896215239992
1.6557203938020473,0.9025572838730658,1.1959627242244133,1.4892605191379444,1,3,0.9474886779191537
-0.2722992832777147,-0.3111907446687145,-0.5322664008538289,-0.8287051665365244,0,1,0.8567671278470785
-0.46894554071903966,0.14342577636738185,-1.171264378100561,-1.2137698160346635,0,2,0.4334157041157085
-1.1626974818590856,0.26426631464453754,-2.2391895263183494,-2.6716191185517246,0,0,0.5109876212847927
0.6200719859341287,0.7283935340086741,-0.11461404689915922,0.6752267154583029,0,0,0.5436055528788016
-0.618375943845071,-1.8500024214693973,0.2142756157924186,0.6845097094781278,1,1,0.636956235339327
0.8171658825838605,-0.675551254700092,1.2844732393774783,1.447931987162724,1,1,2.892558650374331
-0.1666946908573724,0.8736759369167642,-1.3323133167337327,-1.301726390268791,0,0,0.3004904109166048
2.098090332715691,0.9008195742528463,1.8166708063996904,2.5950003164644566,1,11,3.6212502269619296
-0.7087699306073414,-0.24214772816977398,-1.1985597203144587,-1.3925268922629879,1,2,0.30835879715243397
0.6031562179955127,-0.4308183710716324,0.7890734020510235,0.8184416957461056,1,1,2.5808791320524582
1.4348746383702415,0.2061247227762658,1.4439247154973254,1.397919315911566,1,8,2.3619752965551704
0.9142432157448549,-1.6317047536061606,2.185304304927725,1.8221477612810077,1,12,9.77528005440426
1.1008029151850043,-0.3615450258773385,1.4303601019608765,0.8091029528873501,0,5,3.8532404844652186
1.1237627380341793,1.862054366033398,-0.3163756595788676,-0.553889327404794,0,1,0.08572640967621846
-0.13886294159891288,-1.5867202913781147,0.6749681148640138,0.22321900622287139,0,2,1.3231595286829507
1.9067776984853193,0.13940687701285562,2.1579632762691627,2.472074827796087,1,6,3.7891508742975177
-0.36177588156953755,0.861848095476094,-1.5959647105782278,-1.3577150546924688,0,0,0.01026880911413552
1.192451194178925,0.7823947187115413,0.6435158968812621,0.7848632171036243,1,1,2.3295569369809894
0.2678665999718835,2.212507112743758,-1.7949924502343695,-1.2862703773978987,0,0,1.5371194245114195
0.5627506249244467,-0.32494278291753786,0.6478051012282556,0.7827126216434019,1,0,1.7208908903690308
-1.3166919062966065,-1.6845043408473885,-0.8957651961373378,-1.2314383326320126,0,0,0.05714087730138735
-0.3163717283105622,0.9464570353059086,-1.600086047879514,-1.228114680561186,0,0,0.44485375908810654
0.6540710975224963,-0.40578699933201623,0.8403291359971077,0.4250707054759899,0,2,5.1313018997657975
-0.6415640838783908,-1.8686304576253887,0.19671464867056399,-0.12427523758294107,0,2,1.1744870160971563
-0.24149032294023876,0.8003710681991335,-1.3783833066756412,-1.4694561449769383,0,0,0.10501642470780766
0.34180029522766336,0.2115659673040477,-0.0907323605245095,0.5023800043878898,0,1,0.12867512511997578
0.1662841647995429,0.3055237356273447,-0.41162115778251573,-0.6306614588938749,0,1,0.3863933120734284
-0.6660729230818855,-1.4770610841006218,-0.15085322503414234,0.5840747028961054,0,0,0.8255642135082981
-0.6001834438278648,0.7020048964373916,-1.8018607385089238,-1.962083658241345,0,1,0.008384332872876737
1.8743951902027394,-2.1846482329966785,3.9718718526811783,3.76264802771484,1,69,57.491586944923405
0.5580973809153474,0.2574997125468982,0.17533656324396774,0.13970473329543429,1,0,0.8005472265267602
0.6807087886174291,-0.04496613539246336,0.5889652123783714,0.47576337511814504,1,4,1.3868270115204908
0.8322722392665126,0.48694748048327613,0.37562315058649665,0.06978779788010953,1,1,1.2526905818809086
0.04776829008129789,0.115188530322898,-0.42527521814450137,-0.5976938363146114,0,1,0.553214795858449
-0.11394500504685584,-0.6089719093414949,-0.07234547959240223,0.9976534668840552,0,1,0.12126967507556839
-0.49411918718335235,-0.623270212023687,-0.5931506924377437,-0.7107987330820145,0,0,0.003909281506686743
-1.3573179042564507,0.2807036602988358,-2.5248079941981,-2.3620703676884367,0,0,0.2459330400037625
2.042964080496304,0.49349087288374616,2.0653570143878284,1.4014136500031942,1,7,6.4296696416466945
0.16809892632272105,1.0150121540728507,-0.9766712264064712,-0.48579524977237876,0,1,0.016111173308091614
2.1654019864045737,0.07905739487672042,2.568316865065027,2.2220499112957155,1,15,20.25947313157792
0.01154542011613642,1.9525428331062429,-1.9458706783224033,-1.7543062821306632,0,2,0.07667795602439076
-0.9011158269565666,-2.1814870115872806,0.08362745153063145,-0.08933173921317256,1,2,0.306818738860383
0.491474720401143,0.1685105338227695,0.1532561815033845,0.6409066071802874,1,2,2.2175912966122815
2.8129765069614385,0.2318418448920205,3.352693633832397,3.2296709754456945,1,34,30.13514519133441
0.07341757061315735,0.15107286411801396,-0.4180736924359909,-1.4060091907302399,0,1,0.6344481726356567
-0.35842158420805387,0.3281912400015648,-1.1643432098925273,-0.2656457228229362,0,0,0.007389842671008663
-0.9134636648781914,-0.1682398108700734,-1.544257282133409,-0.9149802204764182,0,0,0.5596262443921773
0.7330401964531791,-1.5885864961079403,1.8971254719208028,1.3183742322073497,1,3,7.146693898152815
0.45157428203474,-0.2459305265572607,0.42894841609444456,0.6940912674058337,1,2,3.44098618612362
-0.41684940220387934,-1.2200456123595242,-0.00755267319781161,-0.07712970786015551,0,1,0.4458830836756183
0.3791608569141559,0.03928225546282695,0.09939939530955663,0.362539923851954,0,0,0.13984471453334432
0.9391870324466064,0.8175623192413763,0.26081199003214783,0.8605767176550176,0,0,2.151312640063386
-0.10620350278594323,-1.3112855536658177,0.5003435390323336,0.2394468258596098,1,1,0.5346564528320401
-0.6162634030934259,-0.94735636711883,-0.5048836706357323,-0.2100652763142597,0,1,0.8153642084683317
0.16868369332852606,-1.4774186632935316,1.0180921012947617,1.3520853063666736,1,7,2.306844893946021
0.007710621582930633,-0.07920362138340518,-0.325842232677173,0.836249135140567,1,2,0.7294762316355627
0.8675434162202306,1.5658024542916447,-0.43808118072499325,-0.26786475349017247,1,2,0.48761118504401785
-0.6099617404919051,0.5075533294711071,-1.6599891002655527,-1.663100216837257,1,0,0.018386161457577377
-0.25908308993910634,0.20250158325303108,-0.9247175925171738,-0.18679591138688711,0,1,0.012179818268492217
-1.459783443908493,-2.268598818278271,-0.6288177668492729,-0.8981603270980774,0,0,0.9130436852005523
-0.7019227479543537,0.6208009832624174,-1.8793326337460292,-1.8848484673418802,0,0,0.36290077086479533
-0.2316673066780508,0.2164150660781452,-0.8974662822117874,-0.6998418904194457,0,1,0.0012536642526746865
0.2657916045284204,0.35654506283163007,-0.3131278039255156,-0.3098026184236528,0,0,0.5384535246932259
0.573178649613893,-0.08093303060465006,0.4671965339431702,0.1969964863698186,0,2,1.3000341632647059
-0.7426245485567927,-3.853039236460955,1.6427570211892548,2.1452905738464576,0,3,1.4761747318094847
0.9818160379547101,-0.27761464992638335,1.1966341730777006,1.9101730770269678,1,7,1.696427965075215
0.04558583764404587,-0.8038343938241345,0.30688768776097175,0.04840521254284441,1,1,2.861794923371835
0.5786057143944021,0.7705153400995691,-0.2063642719274924,0.4798342989731982,1,2,0.46461834032693805
-0.6548878202427476,-0.32727487671846656,-1.0550230469650732,-1.3418232284513583,1,1,0.0171598100362199
0.19845485406328248,1.6653457072197966,-1.4544397700872418,-2.07540509618992,0,0,0.7015659724617711
0.24324279116147401,-0.9200104184026988,0.6765482423482228,0.6049358331211689,1,2,1.633057127789816
0.5798507745012388,0.637108616676553,-0.09789580903950823,-0.787344123959255,1,0,0.16318641003305628
-0.6305919371964818,0.755215898476517,-1.8870014308562881,-2.1954008175097135,0,0,0.04547058717771169
-0.3996619041530719,0.9023915494005252,-1.6814399053347209,-1.6100060230496167,0,1,0.0022067502650980012
-0.22995262718016102,1.1970845035855655,-1.6796012809206777,-2.035607784854802,0,0,0.11469760457187929
0.9568508258051217,-0.1402024061858659,1.051753081075863,0.8891274488478962,1,2,1.6795693453755733
-0.3056159933123931,0.015153295883900136,-0.8399850273444704,-0.41929019653128585,0,1,0.02942571124939576
-0.32447008236402075,0.8064413328634975,-1.499411181600427,-1.5012588061192433,0,0,0.04057112926765083
1.0503188534878805,0.42932083986432545,0.726989722991572,0.84371448517732,0,3,1.9498049766790126
0.01867194336129096,-0.2565458179915047,-0.16862262490098887,-0.08342303474487588,0,0,0.4732149855325701
-0.10285827950674137,-0.7008942602813766,0.016713816915663315,0.5177324331613243,0,1,0.5745615121952118
-0.5147740626989722,0.913383684009665,-1.8513906349862932,-2.4121667041418133,1,0,0.013097505935855534
-0.8116340076245605,-0.318447823837646,-1.2815293516042678,-1.1086007735249903,0,0,0.15827753240081097
0.5565864318875126,1.021818253723887,-0.43823359833659203,-0.32197073819902094,1,0,0.61989106644793
-1.0019910287424139,0.4961033515840873,-2.1996701215066494,-1.1490209529789173,0,0,0.16286622792220784
0.40296076295988525,1.3435680123161355,-0.9107093417090691,-1.4052927940768942,0,0,0.0035654972677099345
-0.24619641631329636,-1.0187126231480423,0.07029511567981905,-0.8366983692165294,0,1,1.6935120388789793
-0.6956566503000415,-0.6340581680342366,-0.8666727759926687,-1.346884812655587,1,1,0.7854337118442583
1.6120917678992497,-0.7416783327632042,2.450271141269513,2.3155290102322508,1,11,13.394517304458974
-0.5870114394070997,0.16385636201596146,-1.3529011047827086,-1.3953248317267068,0,0,0.00806247631881238
-0.11512711193828815,0.7814641241584935,-1.186349256040398,-1.0346380933655126,0,0,0.03376531773509052
0.008761578839987075,-1.9714789072743488,1.189449336195461,1.2595601362656936,0,2,4.324295867998641
2.4299456341493353,-0.7290498230597278,3.5851637462568515,3.1992299828897774,1,40,34.448935111245646
-0.7421118503501533,-0.12272099551814641,-1.3407797940756976,-1.4697680610401398,0,1,0.0014776515379426119
0.6549721221870388,0.11443591403175267,0.4254122398364521,0.9799169540034585,0,0,1.5535539840782342
-0.11951836087001863,-0.397870713733203,-0.24902913423146367,0.5351476995555927,0,0,0.03020819240793862
-0.6615186038117165,-1.4271977548596626,-0.1843678414486729,-0.44036178332769066,0,2,0.8405107076124296
0.811472086560133,-0.8154183127524817,1.3883955713861713,1.6781414342290524,0,3,1.6089373170535217
1.5849967105693368,0.16291822548262752,1.6886608144109696,1.7434664208146713,0,3,5.7332181480110265
0.8396902440681928,-0.3935675975896128,1.09042041976716,1.4934706023499387,0,4,7.193985848786792
-0.20865850455907006,-0.6565860673353116,-0.16685305251444882,-0.6777095480929831,0,0,0.5334872406400701
0.2164499251526413,-1.5116362162531087,1.112338868216185,1.4839857686728737,1,3,2.7860897450389204
0.4136258250142019,0.7202300603629876,-0.39710789327050755,-0.7180845584097849,1,2,1.2352557291822766
2.2475657729290512,-0.51477422136614,3.1584114591935837,3.6192435104030345,1,33,18.916837163616375
1.3778420996019778,0.5148281702066617,1.1171164032774394,1.447807862363032,1,1,4.275629286868846
1.0628649899305673,0.29209346335133124,0.8543362152217292,0.9158087341554637,0,2,1.690184227042132
0.5317531841547652,0.17735054437436795,0.20257402231717692,0.5065022087759309,1,2,5.159650346880953
0.45110505339301366,0.5364619754109635,-0.19762250557855177,-0.31034384286311595,1,1,3.4113317964809746
0.09222289837633783,-1.7542511701743477,1.1325129938663512,1.4376514626048322,1,4,1.7849108821063062
0.40016928195264356,0.9870598912323302,-0.6294109182521633,-0.5441064251297213,1,0,0.36529378990302924
0.8844770018898818,-1.6226240586581777,2.1363670495723768,2.528533205028377,1,7,12.883733635068458
0.6772660937732735,0.5590786783271804,0.10090958862083849,0.3318431292637585,0,1,1.4081790992563026
1.7092434767317193,0.5405958842134553,1.5604641600536426,2.23910431238758,1,6,3.7954417397140623
2.1870556235826877,0.5030801503962454,2.2594137526987663,1.9938090128503432,1,10,2.5540897105073763
-1.1597618365194022,0.4322316788132407,-2.3694519141777555,-1.7666035295312215,0,0,0.028865900241469435
0.6285415820351967,1.421916392698483,-0.6575748993095112,-0.09926443674969909,0,1,0.2788585981348367
-0.6565622289390307,1.030740730003062,-2.1437797045170925,-2.0566603559547323,0,0,0.5036847486437165
1.0114229292888886,-0.07175355860325074,1.0733949478870444,0.6252045934251358,0,6,0.8608881314536085
-0.25241664622491106,-0.06894568962197874,-0.6982267530172925,-1.244309795074661,1,1,0.30891945576646807
1.1444443846510044,-0.24561148621634907,1.3987113274844856,1.880770361712668,0,1,4.836318490539491
-0.44798839992554085,0.50514972900073,-1.4313035430963412,-0.7499559509956761,1,1,0.008427016938874567
0.9577639208458442,0.6405233154532011,0.4284508368216208,0.11940084327670958,0,2,0.9183068085359285
-0.5700522296922542,0.3749886283082131,-1.4980640242157266,-1.3183244149348443,1,0,0.5466468327125077
1.4686750780105338,1.2467813463720374,0.6587200321171175,1.0548233537023461,1,2,4.736092681440913
1.1080060645387408,0.10121798712179168,1.070234100656804,1.4046146120449436,0,3,2.837954045547841
-0.46412202616115983,0.08271435961597753,-1.115942324318406,-0.7615523675631231,0,0,0.132827573327291
0.5541972684624497,-1.2186442678716398,1.3507915901447414,1.2290623100638804,1,5,1.1027309652719428
-1.2972763430969363,0.2664142135446598,-2.429318251171438,-2.7187652911359006,0,0,0.044190505433583646
0.23131717875850072,1.324026174051943,-1.1353768889796534,-0.9978431985458317,0,1,0.1027685844624283
0.8706728434119019,0.17462549341439187,0.6792415860451491,1.1028015364244712,1,2,0.8859529938137269
0.84781429083912,1.5547939451156814,-0.4568951489177774,-0.7324990348312315,0,1,0.5615242191115919
-0.05918037130120816,-0.6125561035443136,0.007192363013759473,0.10888340690566872,1,1,0.7859949688888677
1.5559130022529668,0.0882603499067749,1.7076699232287333,1.8671420223764446,1,10,4.224818487183135
0.2494313304110286,0.03366182195340873,-0.077725594987287,0.3405809820588355,0,1,0.16633672187916462
0.3665084850697673,-0.22136998366661778,0.2902078660309684,0.5804129240562307,1,1,0.8140935771711182
1.076909175489972,-0.7561041296456157,1.7125561494024533,1.9329085752250341,1,8,4.631241074569635
-0.5758084880551932,-0.14702431457783918,-1.0885124316149992,-0.7431680364509387,1,1,0.09914855931046691
0.2716094062161907,0.5370020100301218,-0.4493484393214306,-0.32400531624882556,0,0,0.8236992793753204
-0.3191672487754567,-0.405135689185547,-0.5227255969372018,-0.18268317563035857,0,0,0.5307026308600156
1.439800313269473,-0.16708894939329777,1.7493915980919004,2.086342557359923,1,6,3.094841837283355
-0.392368605377479,-1.4766923986299847,0.23203787137551735,0.460561103588957,0,2,0.45953705081949
0.5709627030178234,-1.4062546525966426,1.5243515063022668,1.2705397409253656,1,7,8.388450725241068
-0.8766024804569982,0.3212703478184887,-1.8842597508945884,-1.9516632234933637,1,0,1.1515468844658614
-0.3188280644683956,-1.0515094152198845,-0.005151758079846247,-0.46412811006126475,0,1,0.28648917716193034
0.8392609372312129,1.6855348318781136,-0.573462553378793,-0.2994946500991069,1,2,0.18085035269288424
-0.0898634421256534,-0.5255869867811475,-0.10533922955099684,0.5914657094973703,0,0,0.6894718156801696
-0.2884319079239894,1.5283616328375076,-2.0264939773635913,-1.6763242750398593,0,0,0.00789947622408811
0.7731645912931128,2.379399351724249,-1.2210890535690417,-1.4333326235727961,0,0,0.0016519014564833324
-1.7370098469696262,-0.48986474784314205,-2.4399219874829625,-1.2610605253273774,0,0,0.02292789377471402
-0.6425409115195526,-0.4901794157377471,-0.9074137435371759,-0.8647347885153487,0,0,0.04109179822083831
0.5985988697637179,2.0687971199863298,-1.2169992783198587,-1.2535372258831357,1,0,0.0088098412073767
0.8723834724737236,-1.4483235041028202,1.979995664745469,2.3182928911499054,1,10,8.665358941726991
0.0029307228097720187,-0.5579153969729612,0.05043532951204982,-0.13334848098251287,0,3,1.1238430807429283
-0.710911250284366,-0.39141406683008606,-1.0821444969340435,-1.2472972626899363,0,1,0.08379136056737789
-0.7959310959204431,0.22655764554932165,-1.6955496507280778,-1.72072731910716,1,0,0.002225040363360624
0.6078231746760022,1.935585031063568,-1.0975155803044514,-0.6523628810551432,0,0,0.2962075283196038
0.5303638309179451,-1.430259623615052,1.4867170621771648,1.3217079985646012,0,3,7.305419649534338
0.4377603549470814,0.5322583130891019,-0.2129421535453676,-0.08211818323238393,1,0,0.3449368222982897
-0.9636821197395482,0.09171563741348582,-1.822527477566156,-0.9420752328955357,0,0,0.02620215979641705
1.6373763853559005,-2.344363599536097,3.7678178191271385,3.7498785655097175,1,56,49.33774192838736
0.1737609507777644,0.521226242767586,-0.5737156631251987,-0.4813368902980426,0,1,1.44022857622385
-0.9998493094256079,0.7621400959698914,-2.4095011099717643,-2.7181191745299125,0,0,0.05433778942033777
0.3787000299670043,-0.27794561563820014,0.35253653446436606,0.4764989678844489,0,0,0.8150630018941899
-0.43154737660852144,-0.16973460837383922,-0.8683786405528587,-1.633361893094735,0,1,0.06102869335765744
-0.017441030060823405,1.0840950283548696,-1.2916934647690486,-1.6549928976402535,0,0,0.5240764457110016
0.6549758284507518,-1.1863359084822487,1.4660348866168513,1.33559248313742,1,8,7.4153554213645325
-0.5635974455456031,-0.22197311353040813,-1.0114579329395177,-1.0826614100320424,0,0,0.4113864042970292
0.38867319413123336,-0.027745457792257705,0.1663388380175328,0.26796827771412246,0,1,0.77753859810450765
2.8101353742863098,-0.1259273333722731,3.634931390698652,3.4136961821638714,1,39,44.29716422997366
-1.521122913652093,-1.3233606940564315,-1.4708835238677846,-1.3974771343826553,0,0,0.6202032019878851
1.278721566783039,0.49515773207171926,0.9940840078388788,1.0745500642082377,1,3,2.383239984840362
-1.3412208783203123,-1.2598485262472536,-1.2698304086506345,-1.365628883883784,0,0,0.0015522838816645211
0.8207880915831276,1.8927604198294319,-0.7651050076471672,-0.7718380710939318,0,2,0.21017993668632615
-0.09109678544206101,-0.3894441783906389,-0.21598015690637434,0.04326245134156298,1,1,1.4814372578795238
1.527031897923723,0.1819298588311335,1.5923007700283054,1.5444931753165188,1,6,3.8087616466410616
2.2747145590317532,0.6290045676217481,2.281396728547056,2.625238117213877,1,7,8.79155460912173
-0.825678328203331,-1.1906477872539796,-0.6034314296814797,-0.677336225006537,1,1,1.5407013699821563
-0.5169137774504728,0.22709420366013108,-1.305354651358767,-1.0466335773857822,0,0,0.04538360448855465
-0.17733963078974882,-0.6161703476211645,-0.15533920500871667,0.04698527647607417,1,0,1.9539388349540894
1.7205202848809342,-0.6563516087710333,2.5338096858501347,2.564628858522672,1,16,9.221308383091172
-0.023750353358002466,-0.23510315198043713,-0.24516797311685376,-0.1497590155027872,0,1,0.7470811493986576
1.455656427774296,-2.2589377384642817,3.44506918965544,3.0760798754533227,1,32,38.41654099774383
2.4048951536672796,0.5526154925258435,2.5247608211135164,2.5865339121581643,1,12,12.072015245246138
1.324102343871368,-0.8589150273362303,2.140875303288899,2.1913270712898316,1,8,14.644716271344201
-0.07081939811137224,0.19678635206151995,-0.6565762390051371,-0.24116236143376102,0,0,0.013420168832979645
-0.8058241293879236,-0.8646093387870729,-0.8364663101134346,-0.7499513273075121,1,0,0.4103858574084494
0.4210315345207753,-2.620436631880244,2.2857934538332807,2.644287887829391,1,12,4.740003090565178
0.647816871234692,1.6155656087326078,-0.7855088672575176,-0.6418548131410587,0,2,0.19157868661236996
-0.57770456697711,-0.917967406006602,-0.47441246896267253,-0.19252948109283402,1,0,0.0070158030976322895
-0.8941353786372765,-0.28630807045687245,-1.422743073726689,-1.2734967707006506,0,2,0.11827159542589992
0.5523575663971667,0.25078598189120915,0.172671807443066,0.554643208682901,0,3,1.9368573462338854
0.2548164810589288,0.324611930659824,-0.302946471045359,-0.03160077132057265,1,0,0.10095544897811684
1.8233531378105239,0.21420436691997377,1.9813308993987544,2.567979847000178,1,7,4.821851870397184
0.49003978540681375,0.9798975474869003,-0.49786233841998107,-1.3525238521529563,0,2,1.8792068746709603
1.6786388646943966,0.3641906002695167,1.658741930356542,1.7695020043187797,0,6,5.255807806483597
-0.7560901911484978,1.0855460552897551,-2.3269631118397007,-2.329905744278085,0,0,0.22531219586150383
-0.1969856255584635,0.8552973746353908,-1.3600177754901617,-0.5778518782324632,0,0,0.039323429853751354
0.22968160812383348,-0.0781999811099165,-0.015885763738699973,0.4175999521887208,0,1,0.6565795887606457
-0.1408114610347034,-1.665164500376781,0.7349955548528402,0.40228813853973044,0,3,1.1990435860179474
-0.25798971616101396,0.48434617698326654,-1.1486625442120328,-0.9925934267918719,0,0,0.03324056564945633
-0.1888415088629596,-0.16567455319598667,-0.5318384698513541,-1.2589344579218624,0,0,0.10221560264539864
1.9425771643425747,-0.19536374136415874,2.475899023170931,2.4160638894138806,1,11,12.901304345026505
-0.4840512493272315,0.09260842161873557,-1.1517584863531125,-0.6647151754395977,1,0,1.2249979045335477
0.5644016795993507,0.8245990753373387,-0.26951690883078006,-0.48707688901468976,0,0,0.47404240912035006
1.3056025917898302,-0.018983268184241325,1.4430302430531554,1.590278631566307,0,3,3.834108078109089
-0.35598989960880534,-0.31962396326331516,-0.6426866888416753,-0.2503494052171117,1,2,0.13896826262910966
0.39802601671053395,0.593225449870364,-0.3173439365015438,-0.931445138224725,0,0,0.2785272982028199
-0.4769901880280139,-2.763135706453341,1.1427223019234531,1.3941712514234847,0,2,3.964347713570058
0.3311761643766546,1.4694176639772856,-1.1118875010545122,-0.9663056217427785,0,2,2.2749423426479347
1.2288036104835207,-0.5532817139793014,1.7629504258603699,2.0893283028706513,1,4,10.580612579345404
-1.1152607940229249,-0.16670428088420952,-1.8280016869247273,-2.1899240688763273,0,0,0.10633826508294991
-0.3010589429439801,-1.1120812097853532,0.06818244770671056,0.1064226629948446,0,1,1.158175625699618
-0.10652195486533106,0.055397383028219616,-0.5934486432340392,0.1837643570139591,0,0,0.19884944236509017
1.1579480924468608,-1.0074743865247648,2.027106838645417,1.1937974361343069,1,6,7.31460129042979
0.36341872282137927,-1.6464234584886015,1.4259249787408121,1.5101845228202102,1,4,6.418013170505871
-0.933317351108907,-0.9605934262376818,-0.938169550562324,-0.5055378710267961,0,0,0.5071980164230571
-0.547585053338417,-1.5985719919661936,0.11223851889917102,0.03491922385055296,1,0,2.3829337590438615
-1.1243116160945539,-0.1355217505282604,-1.865618862109767,-2.1910795877089075,0,0,0.003796058334068654
1.0469604082997053,-0.31297676618045106,1.3161259845639481,0.9493581087274885,0,5,2.6939812420159117
0.08081732648719608,0.17412418576433658,-0.4261550915293948,-0.3826667732640313,1,1,0.2625961744435971
0.850799045525459,3.6295141181492903,-2.11249263078379,-1.9506196580526591,0,0,0.11376025096848752
0.3980321386046825,-0.05404437142827799,0.20048049118917785,0.18346913904780554,1,1,0.8658659796584351
0.3488264681065026,-0.9770295036924376,0.8699806583030536,1.1813777912479577,1,1,3.18048326700831
-0.2862955448837034,-0.43942387959010376,-0.44927465916510173,-0.01438314275342295,0,1,0.3906014421052147
1.1282796030598377,0.29521042430482913,0.9434231048399094,0.7806325986223226,1,3,5.087643775637366
-1.8467870690176207,0.25353244232862177,-3.1883278504875663,-4.017849118854217,0,0,0.03178051982768242
0.9006629035823633,-1.9514613010718198,2.4220971058727643,2.303000215011309,1,11,13.254899854608869
-0.13735369860256655,2.206175712462012,-2.3572357480132027,-2.2962243198811936,0,0,2.3187115553681834
-0.47131523544697695,0.3982523836490348,-1.3784432365449955,-0.9500410104411378,0,0,0.005796622113954082
0.2977685687375271,-1.872870388590276,1.5151723071047587,2.3035347673614694,1,7,2.906626472715654
0.7660417190445863,0.6551140581840552,0.1483671601151766,-0.333876373597531,1,2,0.6701844281394365
-0.7296666518960097,1.439378784243759,-2.5730363400494207,-2.7519695661758194,1,0,0.07530192465905564
-0.22774384354497212,-0.5211797011953172,-0.3018976200067072,0.019315115355602763,0,2,0.5906975096987336
0.8005479395865894,-1.632275274365844,2.0265873349139003,2.5288710702836155,1,6,7.145081947265698
-0.9162439581738987,-0.029499180644886314,-1.659142196927549,-1.8670637551445999,0,0,0.11323032276072727
1.6205560154631757,-0.16956067979424627,2.0044269654838427,1.9005356217814868,1,9,3.684121691950465
0.2642910799963874,-1.7975239103099812,1.4080266402429273,1.2569884801177222,1,7,1.5579595964461759
-0.21489739153159887,-0.2738956579408107,-0.4817398217915899,-0.4834719562888422,0,1,0.007163226879819781
-0.5434015737141665,0.10360210992685404,-1.2436438911413163,-1.2078918675003043,0,0,0.27229988084421203
0.8079657507459658,-0.47108241859156397,1.1080179859176031,1.082067459071293,1,2,1.1281363144198808
-0.3723751898528399,-1.0574288498680615,-0.07538218589952661,-0.36661099128757496,1,0,0.006075980715391843
0.041222675399639724,1.330395655648439,-1.4066047789592557,-0.7577076706215327,0,0,1.3604692646179883
2.1575707055710946,-1.0013791262099472,3.4217022887674906,3.6476673780697464,1,26,35.4966042672168
0.6236276560114626,-0.25558057353913344,0.6775431772473544,0.2921176870059083,1,4,2.5263361652850467
0.3933854822492437,0.8969518160245009,-0.5668217776706597,0.6506239733901176,1,0,1.6012320576814132
-0.13244899742472135,-1.1656331680990626,0.34707793808464027,0.15239705496246903,1,0,2.2521440446717387
-0.1147614007508783,1.299999023583067,-1.6006651799176832,-1.6858421737686007,0,0,0.349155462447594
0.5235311031487165,1.9541387021940408,-1.2303674173470296,-0.9788383876534044,1,0,0.01484832010700634
-0.3135102895941828,-0.21518393776062406,-0.6667672552233567,-1.2095816624304878,0,1,1.2041243524998528
-0.626649739192583,-0.39416903953682075,-0.9619744032401596,-0.7582932726760991,0,1,0.004039557859271191
0.2125423776747126,0.22918024500808779,-0.28578486726187263,-0.841422607029632,1,0,0.45594497255477295
-0.8447560285554836,-0.24934592157365956,-1.3831817027187492,-1.1856807746872509,0,0,0.16676132038648508
0.09932274697546643,0.9361323919233854,-1.0098540677730554,-0.6954889992959845,0,0,0.007489701954263118
-0.09600407348924761,1.4526496056438347,-1.6965253874000146,-1.9226841383774234,1,0,0.982804693425701
1.1838521865324185,1.368006855940433,0.16298757639303907,-0.15786541695905454,1,2,1.0292573496676252
-0.23374898572951774,-0.5759533224091755,-0.2664859220939844,-0.15914088848587182,0,0,0.6523336207372745
0.09303761508693201,1.4951291627310186,-1.4658506690631101,-1.2518225899343238,0,0,0.3206534253538022
-0.06677436274338704,-0.10583781078204257,-0.4088138592151078,-0.17814714676851245,1,0,0.23077014457217898
0.9745018519426021,0.7859063018679222,0.33557755122530497,0.7925202443978967,0,1,0.44440766118097286
-0.6865165461288506,0.5579830242463197,-1.8075095839774464,-1.325532451816541,0,0,0.13890549301980293
2.078484925929119,0.34806322421222563,2.231428316930986,3.4919867125849473,1,11,10.142183655172376
0.35418148093456975,-0.2816937247597807,0.32120905311622217,-0.3129410650144644,1,0,0.579441866866892
0.7460013131279638,-0.22924397979517985,0.8277970222152933,0.7042992298554737,0,1,0.6136080568438941
-0.21067752577499663,0.4479435766040636,-1.0533033973682462,-0.7906795923051788,0,0,1.7319971712576254
0.09474707744588663,0.16191661446747083,-0.3968873831497354,-0.9989830434335504,1,2,2.5602980352868068
1.6403537613825176,-0.14290871195533106,2.0108222354997896,1.9562336807901919,1,6,9.539993187221473
0.2553601552052555,-0.4051213080544876,0.2816012637309478,0.34820890552684125,1,2,3.471035581299897
0.5928261224096343,0.4925535498385696,0.03591373150263227,0.12980689667216538,0,1,0.24104482565455632
0.605375246533035,0.7118013388738157,-0.12191572595280376,0.39370761797356946,1,1,0.04168375537556718
-0.7554893125915719,-1.0017263459851908,-0.6563039608400479,-0.7570214432596227,1,1,0.7413168526693753
0.8223252231518564,0.4303993415549038,0.40693583916867576,0.7294538475136627,1,1,0.3819236963297159
0.07740045339704356,-1.196409129047506,0.6654879379938659,0.7487374400642968,0,2,0.10278290969696434
-1.686365090197828,1.723199932558873,-4.139471072324057,-4.019819694335073,0,0,0.0644781926642242
0.5253692657880418,0.7225794858773033,-0.24254661659858423,-0.7114788174605131,1,0,2.2521051675388324
0.24185629361529765,0.3290163780314573,-0.32461429136374914,-0.24340192892589518,0,1,0.5419214479102848
0.238962060469657,-0.26078229167322775,0.14317271799610198,-0.0264456250386792,0,1,0.15718148239705376
-0.9517228718768058,0.22324548946924866,-1.9110084122029272,-2.1832776152488185,0,0,0.4553034524521876
0.1284515968389264,0.90749251163199,-0.946161773731095,-0.6446389924128614,0,0,0.025113515778388534
0.38289996325598424,-0.5311408355017797,0.5609726169598017,0.21598793244747677,0,2,1.3122134120788498
2.4817115108977834,-0.29321707250720147,3.3089697732626577,3.4456786674675586,1,29,29.754183225421023
-0.6448809793555121,1.3523348281061291,-2.3847012335826205,-2.6344088516654334,0,0,0.17365144087070644
-0.10222953073062227,-0.566616793633632,-0.08982790811596553,-0.5044627926101639,0,1,0.4714493761282721
0.8557587652500885,-0.088945545202245,0.8692187075119199,1.1544034782004065,1,2,3.5390332979076744
-0.061492922497445396,0.7138660442185013,-1.0571829268712247,-1.6291850371655283,1,0,0.004372948092025247
0.8670492777429648,0.2717119603200002,0.5964994205841504,0.45232513283030296,1,0,2.019049741391673
1.4030795387698793,1.1839766972957533,0.6171299964412285,0.8311786131697831,1,0,0.7759540156299144
-1.2843276756512223,-1.5762721445641965,-0.9370410302603538,-0.9591991455430401,0,2,0.014997321315395626
0.9912381157691226,-1.2776030443430477,2.0098157975512096,1.4206196342224935,1,11,9.306981419726627
0.5069751603420606,-1.4738397346742165,1.4888370122182581,1.9257274901866868,1,1,8.204929946224459
0.8107024348352456,-0.4773828144653903,1.116889660341656,0.6999928337141669,1,5,1.70936865587984
2.4470136989410047,0.7805203152695114,2.401402926301797,2.8612711842998984,1,7,8.348398702662376
1.9291971889763795,-1.0000583473987985,3.1009227424859698,3.001739944938107,1,28,22.611098581714813
-0.05788982652464986,0.18176325337491162,-0.6264563598344391,-0.14160592245689663,0,0,0.005674936992473586
0.19388655694502863,-0.7677513780299781,0.48564228214702254,1.0178816961673247,0,3,2.121765555686809
1.6741791850579977,1.8866556266299581,0.43452635777723003,0.40138798020731725,1,0,1.7933757184986585
0.40543765250502484,0.13428241507450833,0.06018678144742799,0.08461735654908491,0,0,0.9257439464441968
1.4697491643258438,0.9261424062847639,0.91673490502837,1.2692828812996988,1,1,5.375190699237768
0.008899509227060712,0.2301731066325854,-0.5716791723881833,-0.6807803555883164,1,1,0.1145366673237029
-1.6038871483907646,-1.5597086790523809,-1.3976750645051654,-1.5302812984797938,0,0,0.6122067569767053
-0.235582813539218,0.12374916815184929,-0.8288152734763847,-1.008336485911375,1,0,0.015300851205741138
-0.1797664731804372,0.20013486195570518,-0.8117809520171763,-1.0580868782531732,0,0,0.6232499460456321
1.3077696042906015,0.6605247719770035,0.902457628425239,0.331506709208792,0,3,0.7506409344123143
0.028136179322164914,-0.12849132088918536,-0.2578162922376208,-0.1817181088606531,0,0,0.06576081994011926
-1.1585882974482762,-0.801599492665443,-1.3807440222952323,-1.8367977081873317,1,0,0.004048767612460459
-1.801032029273491,-0.17732118836284275,-2.7795878902926128,-3.435575182536732,0,0,0.03603602908919626
0.3047070630205611,-0.22501158649302974,0.2065991574232093,0.26923477824380193,0,0,0.43023489888733446
0.8822439779346843,0.44956873694411736,0.4754865795532642,0.009645698823698923,1,2,1.7041116241956669
0.24749199612544293,0.5534375026498484,-0.4962612075442586,-0.8463429053762102,0,0,2.077313024628187
0.8339301524633645,0.5583500053016531,0.32082220920738774,0.4914464866577917,1,2,2.10211380014853
0.028390943640104867,0.9083209142549237,-1.086909410307792,-0.5305770795081967,0,0,1.6963689095133143
0.731209878223996,0.6835324986219108,0.0768678306160655,0.1744945080201485,1,4,0.5196095806941409
0.6587656063323934,0.501747834470224,0.12087358128917153,-0.08892946609331442,1,3,1.0338049551321147
-0.28238665449981093,-1.093288969887633,0.07928985961037105,0.20842449914806674,1,1,1.2397961729713411
0.2050130258779556,-0.911907323888351,0.6165440953398187,0.5570300054780889,0,1,0.24177368574696206
-0.305762027391699,-1.1871779001501088,0.1216754817717085,0.2584044514623717,0,0,1.9626033367586515
-0.5124351546217157,-0.6577645893842423,-0.591197544963008,-1.4074997769773907,0,0,0.033226601812766224
0.3676863732216989,-0.5373376535699668,0.5446310453663519,1.2327228310727865,0,1,1.8477794956621794
-0.5816109293570155,-0.5168935811138468,-0.8007404362087442,-1.3716940070662411,1,1,0.04732395974664716
-0.3284741394486573,0.08374187171767361,-0.926857292602259,-1.3275823040099888,1,1,0.032472623140386375
-0.7183019153939679,-1.642268326209037,-0.09180802058432525,-0.08428654392984847,0,0,0.7791120697050361
-0.49189434042199937,-1.0222598402234662,-0.2708442044120263,-0.6017668517575636,1,1,1.938204237641366
-2.151536326290012,-0.6543394784107215,-2.888679274077439,-2.2453731387520923,0,0,1.3503031767982638
0.43046317791995237,-0.2828683454576309,0.42894312545403795,0.5164320427197528,1,0,3.3275267574745766
-0.11367080194993756,-0.4678455819505673,-0.18486265716945877,-0.10268679066710243,0,1,0.21619964708386583
0.05857211954537648,0.2203305563948878,-0.4942634777523832,-0.23387550691603293,0,0,1.3325262551382089
0.1694552793996359,0.2625366565581651,-0.37279193408704187,-0.5193903944464551,0,1,0.08999828628644045
0.03386635681547064,0.4890572872056205,-0.7438329302228375,-0.32833415791933684,1,1,0.23836943257208767
0.543885619122671,-1.2170201749615943,1.3350560067410149,1.3233373157080366,0,3,2.805316297219231
-0.2775728748126603,1.5320094402546174,-2.0142095769414183,-2.1077938484293957,0,1,0.02160771246156104
0.062076204784061485,1.1928114071298324,-1.2673424390061798,-0.9891350988030161,0,0,0.01762625823848227
0.5483549507541293,-1.0488764438837377,1.2067980861627712,1.3371888569693473,1,0,10.367004134601148
0.1879802887437068,-0.3153648149244067,0.11546425618071487,-0.3940495533096383,1,1,0.9520844548551287
-0.5948348107005736,0.15785472490066926,-1.3590525149013384,-1.3139699104138034,1,1,0.4596503669171389
-0.7623791760734633,-1.0658911006135996,-0.614617966011969,-1.1495227028302997,0,1,0.3097519512811078
1.3463130728756205,-0.49876805752313086,1.8838527480443734,1.589960397375628,0,8,5.04544840034156
-0.853380437079951,-0.17763129563475166,-1.45262757540413,-1.4658625720725762,0,1,0.10002569418897177
0.7556408951837474,0.6234171839223882,0.15916350611933577,0.5162130296239551,0,2,1.1249072024468534
0.9221305770452521,-0.9118288079400929,1.6204458542154274,1.5519798313429385,1,4,4.691951863495819
-1.004916224126733,0.7531227432889644,-2.4093809084085978,-2.5583597920764474,1,0,0.0339624158631238
0.2687906252119319,0.6613474154303666,-0.5527710570475886,-1.1017247422117165,0,1,0.15478934428576285
-0.29690680056807384,-0.1014373961928617,-0.734519603841014,-0.3744417739496277,0,0,0.5155702577950135
0.009990389527764447,0.6320585855178456,-0.8916603230754062,-1.1401477097981638,0,1,0.008631449087533128
-0.05870616292505856,-1.6871677851275264,0.8675456000069393,1.3305404902348807,0,1,1.7791441957945324
1.372276764677428,0.2849531813165558,1.2932249254951547,0.8845055492181304,1,3,2.5052195613210677
1.7202299765800761,-1.4487726514177215,3.1673400883462834,2.526450080306581,1,32,16.882126610482306
-0.1722094246671993,0.25457676937496004,-0.8447546100340471,-0.8834529254518872,0,0,0.14050524245978713
-0.3509027310871164,0.659144630787373,-1.4185795281518614,-0.9902602095843386,0,1,0.09767010141131735
-0.44099070790503997,1.1077666387682081,-1.9036003020816228,-1.708198998565346,0,1,0.015798532467960424
1.674216513405873,-1.0698228053559462,2.799761363052979,2.4517247420357244,1,18,13.414446624793383
0.8133498974870638,1.0755940871432181,-0.12178541323268532,0.05280899984617085,1,0,0.3572704466330926
1.2391749645579218,-1.1481568637053825,2.253370441345396,2.6124834370389105,1,9,9.475252638064724
-0.10266696849731088,0.012430005974634811,-0.553677760675943,-0.43709274895833083,0,2,0.09809305853002358
-0.5595622864149227,-0.6930221590881293,-0.6289694737103882,-0.5470421588803662,0,2,0.05100107885896529
-0.31136288446999916,-0.4608288752591058,-0.4672449380507142,-0.31046945892318245,0,2,0.6087242494725145
0.18362091399595695,-0.1064718705373344,-0.05775322397579277,-0.3764764757085367,1,0,0.9358495247111852
-0.7097467515218212,-1.3341173174717225,-0.3263515981531717,-0.5161847592399478,0,2,0.07459875854226436
0.14223000752105436,0.3953684113490995,-0.5171727185498036,-0.7483902994624738,0,2,1.0684753768244868
1.3410435753310603,-0.9053852625891117,2.2017692155347737,2.4610196640649997,1,11,15.352777328225352
2.8321663346507115,1.181699524329294,2.619673249047561,3.1856767932484265,1,5,13.606158207128408
0.53439969487815,-0.8403306201667476,1.0204240689628081,1.3209733312574383,1,2,1.874524142328568
0.8958227220916134,-0.4206872871135415,1.190701640619092,1.4547223395544362,1,4,5.286030845719824
0.396351847628993,-0.04637166220414631,0.1919899164439072,-0.13800455459267444,0,1,0.03499264432755357
0.5900649325161146,-0.5564074142790609,0.8712168369458091,0.9903380020883165,1,5,2.550120326484756
-0.10635689477259111,-1.0681969239906777,0.30565788651091463,0.40001833895957656,1,1,1.0970267521177255
1.2095215266698611,0.3655846598503568,1.0008624094575203,0.5566489970783179,1,2,1.8864878424884166
1.5779649323350187,0.6359799712843638,1.300366928241535,0.6821839103241016,0,3,3.4785681016840146
1.0454925369175576,1.7111005618670236,-0.30519089780903874,-0.8112492092883101,1,0,0.21687556269736216
1.0198091684579642,-0.05900528910552419,1.0749370671255694,0.8831516199289979,1,4,1.078263120397374
0.6008525626988842,-0.6618699962738015,0.9706895847974791,1.0539138673633415,0,5,1.909013569645717
0.7460416009023954,0.5662412164962469,0.19146526806635583,0.1852238827037386,1,1,0.920187226812746
-1.5794184796514719,-1.4961657424892996,-1.4142532775206205,-1.615137660730928,1,0,0.051681676748650644
0.6535966723803661,1.1071641960230927,-0.37069601548596165,0.26986582752076826,1,2,0.00998772635856612
-0.07975000023547835,1.5710799809470848,-1.7685139850873375,-1.260706530624557,0,0,0.3040199516245662
0.6791749305139669,-0.1906371420571325,0.7033546163652596,0.7132117011726036,0,0,0.6243595803684057
-0.2049607783198111,-0.14664741494944966,-0.5696271576881758,-0.8642207572752341,1,1,0.6449199070203949
-0.5196369736840456,0.01711169640956428,-1.1411811202853153,-1.4108343801091061,0,0,0.22962651306967843
-0.9431261949014779,-0.5604762741950737,-1.2719956535060102,-1.1785971664836459,0,0,0.032800455117597806
1.3075161201163812,0.10235034139116288,1.3486422950500032,1.239453116699721,1,3,4.679176999071994
1.7491137238823173,0.8753537653403971,1.3484762011629265,1.4802415990432793,1,3,3.191079741732079
0.6292642014463109,0.5328203625556697,0.0547135919802994,-0.13720081247168647,1,1,3.115737484679619
-1.1028961875571643,0.5817190085185813,-2.409429869394895,-2.9345865451614115,0,0,0.013088832408809429
0.017816417944379517,-0.6216830960911466,0.12228946199504859,-0.4968788747057538,1,0,0.6463395693940762
-0.08744702711859699,0.6522805936762301,-1.04425031290702,-0.7259314500015033,0,0,0.018869801449037164
-0.18732770530129764,1.4659325346796834,-1.8350048151655634,-2.4237531434074375,0,0,0.007151925163732288
0.36689732241180156,0.6752331430974418,-0.4265302631014313,-0.46433023677397195,0,2,0.29747189335718033
1.0007610916659857,-1.7071431730435505,2.36678006676722,1.9311979763605487,1,11,8.268753238018661
0.1851909832198875,0.11696483860619042,-0.23430449437710987,0.25588586955445375,1,0,0.014867970508351772
-0.451750920053072,0.26515042313710946,-1.2445716265839883,-1.4051189556802808,0,0,0.014399132796480833
0.16714839626158523,-1.1692399170153092,0.7693996883784666,1.8548106714097887,1,1,2.7724380330936356
-1.3581113770987552,0.47044511437178194,-2.6777120194356825,-2.610902408992082,0,0,0.03051084589431402
0.352606466733587,-0.1730442986947508,0.2320844923828224,0.3761994983630861,1,1,4.1196939421243215
0.4670040453435596,-0.9521355192452876,1.0155140788772137,0.2628934605694141,1,1,3.576107433074876
0.07874109722588432,0.24175652082966176,-0.4831676805474914,-0.12315244577220325,0,1,0.27946309031453714
-0.3620579345662601,0.5241135581404309,-1.326171954905109,-0.6327712379325028,0,0,1.2872812624433312
0.853786323442113,0.16509566601644488,0.6632243200058022,0.9804346216236297,1,4,0.8562887988533039
0.7864846447402756,-1.2468201725298949,1.6985346406603017,1.5602402612235438,1,3,4.258583712873202
0.841118066166763,0.8527689082106994,0.09535016606490854,0.15092453529500446,1,3,2.0739887768373975
0.6376713427986697,-1.989925870465804,2.0846805762907805,2.030842989152676,1,7,6.502303008425686
0.10596714459500259,1.2180179987208686,-1.2260603965436914,-1.2890460642699366,0,0,0.4399776365587679
0.3462525573909879,0.7801614545979825,-0.539375583331003,-0.44709064525547965,1,0,0.1143931654113146
-0.6543461266885712,0.5691535653686882,-1.7714074296589504,-1.5709836031638487,0,0,0.029250410189864275
0.02656335034334087,-0.8009348164655009,0.27793654365307796,0.2707808870752467,1,2,0.48463674952496977
-0.04460580690804298,0.17917043746637537,-0.6057844796443606,-0.144057347253147,1,2,0.15501398154455012
0.26018563300680847,1.0175182830415743,-0.8497547402237278,-0.30772341947363546,1,2,0.011371999125167497
0.447279878443476,-1.6641467593350834,1.557509237288933,1.6064766883230845,1,5,2.5276789699009665
0.5413709841880354,1.8502570302143202,-1.1222862463082066,-1.2012059676678455,0,0,0.6380085113883202
-0.42653383096300357,-0.28264495828190483,-0.7710313967226811,-0.580176999732292,1,0,0.9395054140110503
-0.7896379981160562,-0.2080275328577025,-1.3390711710763168,-1.4495498835888208,0,0,0.11807580010844523
0.05925479693240993,-0.06615451858761352,-0.2641196694245353,-0.35549180731921176,1,0,0.22128734122865576
0.5642176745200747,-0.598971412957794,0.8690818746943396,0.7861385492438091,1,4,6.587761772796027
0.8537303663394284,0.18581128743916817,0.6465734829238651,1.1829090333249352,1,2,0.7167153215917533
-1.218746423926895,-1.0776938752617962,-1.2440898932882158,-1.3455808096510906,1,0,0.011235310402441065
0.7316783831310668,0.20130615092917564,0.4633048156401529,0.22042793573297817,1,1,1.294057651431142
0.4161158698598936,-0.4623306234307899,0.5524267165484829,0.8854444608311121,0,2,3.8072912213896024
4.8111552944614226e-4,-0.25209243149067123,-0.1976524930662384,0.4739639334376055,0,0,1.2262069212928095
0.21938424228940684,0.02400095208450148,-0.11206282246243163,0.2138549032711751,1,0,0.11880267729856009
-1.7434480212827848,-1.2119065850574058,-1.8713019617499738,-2.081544466004589,0,0,0.03534366924327896
0.36748794852447214,1.143797270680378,-0.8005546886100415,-0.8568751009384651,0,2,0.3302394628121945
1.507590307936426,-1.2114546657233052,2.67979016368964,2.9527194850506353,1,11,12.24901691350037
0.23232183630903988,-0.08041703475097349,-0.010415801366565433,-0.5394635130343955,0,2,0.14711650410594393
1.2163443566792027,0.1714519416728834,1.165720546012577,0.8184861815015956,1,3,2.2602619097401697
1.393235203247465,-0.3378163973581463,1.820782402432968,1.5129272924459927,1,4,9.559920662402778
2.006343198753992,0.23196986365514144,2.2233045873314756,2.257050085803926,1,12,7.574286573516198
0.6001381838418516,-1.549113159708188,1.6794839851451426,1.563895818298524,1,4,5.168623915951935
-0.27015900772687174,0.0019233074256051407,-0.7797612567581046,-0.6008195912934411,0,0,0.41722759145478083
1.2674311857733358,-0.5613816092140381,1.8235089474539004,1.488415622020871,1,7,4.5871185176630425
-0.8124398921563457,1.9998030809903071,-3.1372583138111296,-3.459215708167016,0,0,0.06207168246516209
-0.32493178719306787,-1.2094711157843114,0.11267239055715417,-0.2386768711810474,0,3,2.2018079079898816
0.0705022478808269,-0.5108440634765755,0.10737839781441805,-0.4294362770331047,1,0,1.141044612408742
-0.4394425431881048,0.2783264922554217,-1.2378807542676842,-1.5174366252024198,0,0,0.002349739337314658
0.6875496624176768,-0.006674487711559273,0.5679091175539949,0.608347744608217,1,1,3.001190674847537
5.253351705752197e-4,-0.0053893949384035,-0.3949530148104719,0.4782621627386629,0,1,0.18423604815989214
0.36918501914433205,0.7414792595023292,-0.47632438079979855,-0.7839177554090839,0,0,0.08780598514659262
1.962828682061001,1.3416345035469208,1.2746525520478647,1.1848610994396735,1,5,4.472253391582328
-0.03575960181730903,1.0532340911393059,-1.2926507154556774,-0.9450861597543307,0,0,0.5763915018678393
-1.4914107765146496,-0.11846182437508285,-2.3932056276204428,-2.334308333174118,0,0,0.01705594864374371
1.2728665653709215,1.2321665739988514,0.39627993232020875,0.17375795799867616,0,0,1.6129422646874125
0.4792926689352548,0.7300547204316701,-0.31303403983597944,-0.04577392635257771,1,0,3.1471147430992605
0.9402012979340915,-2.1844383190040673,2.6638324723109816,2.8312781982633,1,13,16.175896478753742
1.8494638933531535,1.1965225754107252,1.2320313903658349,1.002599677511948,1,7,3.7792348933925846
0.24772156211333346,-0.7743675866692249,0.5663042562940468,0.8766464707217578,1,2,0.6788085223808319
1.0745672080372377,1.2971473945863892,0.06667617558302119,0.2934432935488467,1,1,3.2886747426022116
-1.1883817454382481,1.1256092155437014,-2.9642218160485085,-3.379493884123833,0,0,0.0011729910318425442
0.7604531078544271,-0.48354868449089966,1.0514732985889177,0.9605013847435113,1,0,0.8600068124027549
0.3893538331366879,0.9018038227233057,-0.5763476917872816,-0.24895265505456782,1,1,0.4344885351159327
-0.7235968473575629,-2.2924069848784527,0.4208900016021744,-0.06258518110901551,0,1,3.7309896296297085
1.4577403549645866,-0.9319091575817133,2.386363823015792,2.3610250186239856,1,11,9.328427350589934
0.18153249836019789,0.8359614980434481,-0.8146237007304815,-1.0902257000887798,0,1,1.3950322902962629
-0.026657158344806225,1.0103166026854253,-1.245573303831069,-1.5506147324268151,0,0,0.006149551201064898
0.27057439492132535,0.24212527721487326,-0.21489606888204316,-0.657068832234637,0,3,1.9399365913799835
0.8835931993318247,-0.7815931974556962,1.4623050370291115,1.7142548800847042,0,3,3.0972419154868063
-0.00643809769382634,0.15591323552318048,-0.5337439251899012,-0.6685742740993936,0,0,0.36804689024420895
0.12276317864768078,-0.5621714304947762,0.22160559450257408,0.8886556378361354,1,3,2.0393653622793013
0.4508041218366808,0.5224667740597363,-0.186847648676436,-0.01299269531704525,1,0,0.5862423513307496
-0.07816959927426122,1.2436400676436692,-1.5043494930989012,-0.96823718863372,0,0,0.001595238251829476
0.931431927395221,-0.05219938088201969,0.9457642030589251,0.27435275342348187,1,3,0.8288137638841178
-0.5660491449282071,-1.5889660864577912,0.07870406626674331,-0.09140097804092928,0,1,3.434832226860827
0.5543571152159471,1.150637828908801,-0.544410301824715,-0.755638420985516,1,1,0.0026772236119511766
0.24076481876719294,-0.9971777923226465,0.7348129801321873,0.9549950850929981,1,3,2.144270480708634
0.13423443686211733,0.5327164468602777,-0.638244945881258,-0.6731174792968534,1,4,1.784271213890338
-0.707796934217192,-0.5117455717446527,-0.9815192505083465,-1.1344174257232904,0,0,0.002005630938928206
1.4482953329071395,0.07344853926876477,1.5688546346549834,2.3326071670433777,0,6,2.200515789022958
1.2316357251178758,-1.61402301874478,2.61550843016085,2.4818426138802545,1,16,14.845729211381881
-1.3190263521116896,0.30031839906518665,-2.4868916122085145,-2.663617328841443,0,0,0.3171309865681352
1.6582825691833425,1.0069474036718764,1.1160376739191784,0.944621664760677,1,4,3.3995712216562626
0.02168034275479212,0.022601572360491328,-0.3877287780316841,-0.6741676160351611,1,2,0.026723976648121837
-0.6728326661738432,-0.3694227554258576,-1.046427528302694,-1.6845175803166792,0,0,0.005589835262072296
0.5770701710422539,-0.4567071518522803,0.7732639609409796,0.03972183013302466,1,4,5.792195404690868
-0.7019834230264743,-0.37912804679166096,-1.079474354803735,-1.0333924110578727,1,0,0.008447563565278338
-1.1469962634889614,-0.6899749470770398,-1.4538148112229141,-1.315508768686814,0,1,0.30507557591494205
0.9960230672780559,-0.37684219327104224,1.295906048806112,0.7271322388795551,1,2,2.036945703751328
-0.016953369280472776,-0.6227102327180782,0.07443346918180072,0.11221876177543388,0,2,2.926348661812913
-0.28738358496143385,-2.5529453665921387,1.2400192743277034,1.2092939385512629,1,1,3.1969849796338723
0.5603193046166299,0.4486820836324892,0.025501359557290493,-0.181875795062201,1,2,1.4441823573054637
0.38040821247178264,0.49750088187692015,-0.2654292080410405,-0.14419974626820437,1,0,0.7195187527122919
0.06285013103775802,-0.6614904276947128,0.2171825256086315,0.21479860161319725,1,0,3.170798857404724
-0.08404614091956936,-0.8809836628935886,0.18712233302747383,-0.13983253361824893,1,0,0.39125302878323237
1.3591531608949943,1.1226673759070072,0.6046805245273861,0.5332615759606021,1,1,3.0277095054473437
0.563885927828027,-0.24376770216230298,0.5844544606890802,0.1779716817041741,1,1,0.10484226533182293
0.3511318069115876,1.5447313240905374,-1.1442005295962074,-2.5751744447815352,1,0,0.07068085833421575
0.7664823807747676,-0.11723529149992959,0.7668635662846182,0.644438852364642,0,5,2.663901400218791
0.7644224469627656,0.9945467210612255,-0.1254459511011088,-0.4206330566783707,0,0,2.4770135112705076
-0.08512274490467739,0.7642283670615841,-1.1305545365158158,-1.1578770263624616,0,0,0.7764706232417774
0.7910271545336475,-0.40968366566560527,1.0351849488795906,0.9170554072423065,1,3,1.7814182970219867
0.28372419777670044,0.3603721307626081,-0.2910838277227059,0.38600002557920643,0,2,0.860233243004015
1.327858458037692,-0.4147941773299876,1.7908371831167587,2.1024669155097664,1,5,4.383063206987683
-0.17587791439515232,-1.0341033767323096,0.18105362123263447,0.3883258172555968,0,0,3.0641478196914385
0.8327886182554805,-0.5118126096322768,1.175354153263494,1.8149095864398035,0,0,3.5073385328096913
-0.4519675159958187,1.1656181255228462,-1.965249022812423,-1.9564154344315208,0,0,0.0034790320150883524
1.6834077073767872,2.9372245047571326,-0.39300881347820393,-0.21186285344531142,1,0,0.3501420803590401
0.5843370865696105,-0.4185237053235965,0.7528908854563319,0.9689542738568271,1,2,1.4284404760041436
-0.6979914464385707,0.6606014661253636,-1.90566919791429,-1.8769233988784442,0,0,0.0011307380277603238
0.4300539334814886,1.0007493170936859,-0.5985239468008647,-0.7767600963424168,1,0,0.29257377004092955
0.8694057171896958,-2.7682967423556386,3.031805397950085,2.902868548926578,1,21,24.661232348573677
0.43294145884345725,0.012041492090536643,0.19648484870841076,0.44186526265664516,0,1,0.6596953948580064
0.4509367847396252,-1.30101445785733,1.272123064921339,0.8680621259190215,1,3,3.679768452958343
-0.9562606293884751,-0.737893431341817,-1.1484501360704116,-1.025581239881919,0,0,0.054376773498520804
-1.6173325381992727,-0.6826256509017831,-2.118165032757555,-1.9814968064180198,0,0,0.044539344422873696
0.5756583662502505,0.3867781981652731,0.0964991542181321,0.13800558151406456,0,1,0.06337188872028339
0.1441961946709659,-0.21316405423665577,-0.02759408407132316,0.378984260033461,1,1,0.9956929226423104
-0.3712695900485223,-0.6817900237440901,-0.37434540707265906,-0.6495779774724059,1,1,0.9686662791766383
0.6751196396439251,-0.19911810374666014,0.7044619784988231,0.17055630676225542,0,0,1.0482575574290849
-0.3372413012959107,-1.4161254515322543,0.2607625394115285,0.3249397763396038,0,2,1.0225844541967422
-0.4473549491139643,0.03282017207308133,-1.0525530664180152,-1.2977813519621222,0,0,0.39041204560323356
2.024216085911053,1.6525289185165288,1.1118793854622508,0.8559249656315516,1,5,4.930205654157257
0.1277524275439859,1.3068522157518312,-1.2666283740398847,-1.0205511181242148,0,1,1.893975787275436
-0.14026262935347844,0.439040420094675,-0.9476000171706098,-0.956924331174343,0,0,0.38986177048807547
-0.6948132051252907,3.355983709822057,-4.057525455033052,-4.048747720215572,0,0,0.192206290771197
0.16542784442203287,0.596585985119983,-0.6456698059051404,-0.40156834856415946,0,1,0.2504650748475807
1.1734491650752765,-1.3284845140607886,2.305616442354018,2.237894687548521,1,14,9.018359906970966
-1.7611853119646672,-1.256797661618118,-1.8602213074560394,-1.9512591562994825,0,0,0.025723181752051624
0.007682890502040201,-0.5311147746573139,0.03564786642870743,-0.7039164412705655,0,1,1.8292388872994465
0.4487424965717598,1.4087862243869478,-0.8987894843090947,-0.9003157753443015,0,1,1.9860815223473622
-0.6436848639928956,-0.25035389896752425,-1.1008756904160344,-1.625113590021404,1,1,0.01835270723452672
1.0815629625099903,-0.06252900050186211,1.164211347915476,1.2556019999444885,0,1,1.467263959987079
0.5506477751805441,-0.9853184714173472,1.1591616623866394,0.7156181460175361,1,4,4.472827496559659
-0.1692431796947478,0.2083991333574602,-0.803659758258615,-0.6682397910592262,0,0,0.006020905925989503
0.04927748131196153,-0.9880482184466177,0.45942704859404027,0.37865894250936377,0,2,0.70655440851679
-0.534958301952788,0.7355083557239163,-1.7373483073130362,-1.951427583274372,0,0,0.4130162631016957
-0.15256799454468217,0.3211727268388382,-0.8705333738336256,-0.4899135285809671,0,0,0.1368215785212905
1.6059634191156773,1.1980577885406378,0.8899025559294378,0.45000397878985954,0,1,2.468961996202206
1.003837336014768,0.850373418378537,0.3250735357178455,1.5344277198751848,0,2,3.929294971458737
0.29433229273408684,-0.9658287543711342,0.7847282133246289,0.5891541017937372,1,1,2.6268647144938737
-1.4466737269984302,0.3122046193472439,-2.6751069132755974,-2.450170293500145,0,0,0.0016354439700609665
0.14443497346637368,0.9706121232703404,-0.9742807357633493,-0.8790326381374267,0,0,0.10778301037786202
-0.5864418668071077,-0.8429485457829218,-0.5466597769036133,0.0873074703263792,1,0,0.808743316559902
1.734450450121735,2.2704057323931126,0.21190604425593884,0.06069179838397007,0,0,1.7054598817567572
-0.3590794730163411,-0.54613864974519,-0.4658003424267254,-0.06103434025018034,1,0,0.043371456237817685
1.2498186974350667,-0.6318119466618808,1.855195733738598,1.0104680339923016,1,4,3.2562840914112368
-1.8579537201068617,0.8376670592100575,-3.6712688555176523,-3.156517563249169,0,0,0.10793575557576125
0.8322797352963619,0.634798846525766,0.25735255219429365,0.2578516352281476,0,2,0.003285055219502918
0.7165960721315379,0.688248665944987,0.0526355682281634,0.003818892726037637,1,0,1.6529462264421413
-0.22944090553091492,0.06943076238313196,-0.7767618776497864,-0.6481150671209039,1,1,0.9552506026307613
0.614877073203384,-0.3056736885285577,0.7053668533075838,-0.11028689117712609,1,1,2.465830390926699
-0.10785091757751226,-0.006593974248388812,-0.5457161052098062,-0.652241164063359,1,0,0.9327794834030753
-0.3944605872853165,-0.6882000197057941,-0.40168480643480775,-0.8380544838665569,1,3,0.11163280763895779
0.29436837049635434,-0.6371074765694695,0.5218016999504717,0.358976550227062,1,1,2.851532754530431
-0.2467655045070637,-1.0969519651535478,0.13208986581294901,0.12192671086245574,1,1,0.7110477973361371
0.7228506821449227,-2.0418672706621623,2.2454847715326216,1.9885742651150684,1,13,8.54957554248519
0.7254487061571583,-1.0907065652739318,1.488193440839167,0.8864069165128118,1,3,3.0332852473245406
1.6194760440266893,1.1996266717240882,0.9075651242580944,0.6505327972538275,1,5,0.9372967568219767
1.5458325087976832,-0.40812251926502796,2.0906635277287786,2.379542062239265,1,9,9.559178145038349
1.7191876529752206,1.2049674474244336,1.0428887562257616,1.574374883762879,0,2,1.8336088132034987
-0.7678057115768613,-1.8142434150100533,-0.023533264199563142,0.7314622425456005,0,2,1.8282655678650752
-0.3229370536991481,-0.365312460812262,-0.5598619065289976,-0.2567230458098151,1,1,0.10290418279222817
0.3855788574573904,0.6959700966926936,-0.41696567691380837,-0.36391506202695906,1,1,0.15445709273700348
1.0979638048565834,-0.6770388685619624,1.6787804216487865,1.1627886277232493,1,5,5.277707772281775
-0.17175718770862008,0.11257153724482483,-0.730517292587928,-0.5436089326128516,0,0,1.4726634909883662
1.296216541781229,0.13815403893340256,1.3041799273469985,0.7369555388392669,0,3,3.5516721350310028
0.08153762023763357,1.334575758490823,-1.3535079384599715,-0.7438204102316438,0,0,0.018549364427458116
-1.6542135481810774,-1.6537324286344335,-1.3929130245459613,-1.4579911397705185,1,1,0.06491790417305296
1.064604463915611,0.6746685794702905,0.5507113859056229,0.9236710395003418,0,0,1.80392352786714
-0.17270105325423502,0.5480041268183288,-1.080184776010592,-1.393183583247581,0,0,0.5268778123769252
0.9907803557509558,1.1063825572399804,0.10198645225935354,-0.11647371257188482,0,2,0.5426558639640128
0.9347811860661508,-0.39529500445992166,1.2249296640605483,1.5438143624355682,1,5,4.941348792910309
0.6834289700865173,0.1507202770508564,0.43622433648043896,1.1390448007136083,0,1,1.2603207988118115
0.06246234481794493,-0.16024611874774697,-0.1843558222566795,-0.7410876808367801,0,0,0.8188991332439571
0.47342537950694835,0.6098062614944129,-0.22504947788580265,-0.5066410033285786,0,2,0.7835344276263139
-0.9381778691487671,1.0480929303183164,-2.5519233610629275,-2.162995650372981,0,0,0.004258766656478912
-0.36881118147747116,-0.028021297013512275,-0.8939186164576498,-1.080592887095848,0,0,0.49378713606060015
0.1453409894508959,-2.021234247208756,1.420464782998259,1.3696320192003903,0,4,4.141254315352955
